1,1. What are two benefits of network automation? (Choose two),A. reduced operational costs,B. reduced hardware footprint,C. faster changes with more reliable results,D. fewer network failures,E. increased network security,,,,AC,Section: Automation and Programmability,,,,,,,,,,,,,,,,,,,,,,,,,,,,,,,,,
2,2. Which command enables a router to become a DHCP client?,A. ip address dhcp,B. ip helper-address,C. ip dhcp pool,D. ip dhcp client,,,,,A,Section: IP Services,,,,,,,,,,,,,,,,,,,,,,,,,,,,,,,,,
3,3. Which design element is a best practice when deploying an 802.11b wireless infrastructure?,A. disabling TPC so that access points can negotiate signal levels with their attached wireless devices,B. setting the maximum data rate to 54 Mbps on the Cisco Wireless LAN Controller,C. allocating nonoverlapping channels to access points that are in close physical proximity to one another,D. configuring access points to provide clients with a maximum of 5 Mbps,,,,,C,Section: Network Access,,,,,,,,,,,,,,,,,,,,,,,,,,,,,,,,,
4,"4. When configuring IPv6 on an interface, which two IPv6 multicast groups are joined? (Choose two)",A. 2000::/3,B. 2002::5,C. FC00::/7,D. FF02::1,E. FF02::2,,,,DE,Section: Network Fundamentals,,,,,,,,,,,,,,,,,,,,,,,,,,,,,,,,,
5,5. Which option about JSON is true?,A. uses predefined tags or angle brackets (<>) to delimit markup text,B. used to describe structured data that includes arrays,C. used for storing information,"D. similar to HTML, it is more verbose than XML",,,,,B,,,,,,,,,,,,,,,,,,,,,,,,,,,,,,,,,,
6,6. Which IPv6 address type provides communication between subnets and cannot route on the Internet?,A. global unicast,B. unique local,C. link-local,D. multicast,,,,,B,Section: Network Fundamentals,,,,,,,,,,,,,,,,,,,,,,,,,,,,,,,,,
7,7. Which command prevents passwords from being stored in the configuration as plaintext on a router or switch?,A. enable secret,B. service password-encryption,C. username Cisco password encrypt,D. enable password,,,,,B,Section: Security Fundamentals,,,,,,,,,,,,,,,,,,,,,,,,,,,,,,,,,
8,8. What are two southbound APIs? (Choose two ),A. OpenFlow,B. NETCONF,C. Thrift,D. CORBA,E. DSC,,,,AB,Section: Automation and Programmability,,,,,,,,,,,,,,,,,,,,,,,,,,,,,,,,,
9,9. Which set of action satisfy the requirement for multifactor authentication?,"A. The user swipes a key fob, then clicks through an email link.","B. The user enters a user name and password, and then clicks a notification in an authentication app on a mobile device.","C. The user enters a PIN into an RSA token, and then enters the displayed RSA key on a login screen.",D. The user enters a user name and password and then re-enters the credentials on a second screen.,,,,,B,Section: Security Fundamentals,,,,,,,,,,,,,,,,,,,,,,,,,,,,,,,,,
10,10. Which two capacities of Cisco DNA Center make it more extensible? (Choose two),A. adapters that support all families of Cisco IOS software,B. SDKs that support interaction with third-party network equipment,"C. customized versions for small, medium, and large enterprises",D. REST APIs that allow for external applications to interact natively with Cisco DNA Center,E. modular design that is upgradable as needed,,,,BD,Section: Automation and Programmability,,,,,,,,,,,,,,,,,,,,,,,,,,,,,,,,,
11,11. An email user has been lured into clicking a link in an email sent by their company?s security organization. The webpage that opens reports that it was safe but the link could have contained malicious code. Which type of security program is in place?,A. Physical access control,B. Social engineering attack,C. brute force attack,D. user awareness,,,,,D,Section: Security Fundamentals,,,,,,,,,,,,,,,,,,,,,,,,,,,,,,,,,
12,12. Which type of wireless encryption is used for WPA2 in pre-shared key mode?,A. TKIP with RC4,B. RC4,C. AES-128,D. AES-256,,,,,D,Section: Security Fundamentals,,,,,,,,,,,,,,,,,,,,,,,,,,,,,,,,,
13,13. Which two must be met before SSH can operate normally on a Cisco IOS switch? (Choose two),A. The switch must be running a k9 (crypto) IOS image.,B. The ip domain-name command must be configured on the switch.,C. IP routing must be enabled on the switch.,D. A console password must be configured on the switch.,E. Telnet must be disabled on the switch.,,,,AB,Section: Network Access,,,,,,,,,,,,,,,,,,,,,,,,,,,,,,,,,
14,14. Which type of address is the public IP address of a NAT device?,A. outside global,B. outsdwde local,C. inside global,D. insride local,E. outside public,F. inside public,,,C,,,,,,,,,,,,,,,,,,,,,,,,,,,,,,,,,,
15,15. Refer to the exhibit. Which prefix does Router 1 use for traffic to Host A?,A. 10.10.10.0/28,B. 10.10.13.0/25,C. 10.10.13.144/28,D. 10.10.13.208/29,,,,,D,Section: Network Fundamentals,,,,,,,,,,,,,,,,,,,,,,,,,,,,,,,,,
16,16. How does HSRP provide first hop redundancy?,A. It load-balances traffic by assigning the same metric value to more than one route to the same destination m the IP routing table.,B. It load-balances Layer 2 traffic along the path by flooding traffic out all interfaces configured with the same VLAN.,C. It forwards multiple packets to the same destination over different routed links n the data path.,D. It uses a shared virtual MAC and a virtual IP address to a group of routers that serve as the default gateway for hosts on a LAN.,,,,,D,Section: IP Connectivity,,,,,,,,,,,,,,,,,,,,,,,,,,,,,,,,,
17,17. In Which way does a spine-and-leaf architecture allow for scalability in a network when additional access ports are required?,A. A spine switch and a leaf switch can be added with redundant connections between them.,B. A spine switch can be added with at least 40 GB uplinks.,C. A leaf switch can be added with a single connection to a core spine switch.,D. A leaf switch can be added with connections to every spine switch.,,,,,D,Section: Network Fundamentals,,,,,,,,,,,,,,,,,,,,,,,,,,,,,,,,,
18,18. Which two actions are performed by the Weighted Random Early Detection mechanism? (Choose two),A. It drops lower-priority packets before it drops higher-priority packets.,B. It can identify different flows with a high level of granularity.,C. It guarantees the delivery of high-priority packets.,D. It can mitigate congestion by preventing the queue from filling up.,E. It supports protocol discovery.,,,,AD,Section: IP Services,,,,,,,,,,,,,,,,,,,,,,,,,,,,,,,,,
19,19. A network engineer must back up 20 network router configurations globally within a customer environment. Which protocol allows the engineer to perform this function using the Cisco IOS MIB?,A. CDP,B. SNMP,C. SMTP,D. ARP,,,,,B,Section: IP Services,,,,,,,,,,,,,,,,,,,,,,,,,,,,,,,,,
20,20. Refer to the exhibit. What is the effect of this configuration?,A. The switch port interface trust state becomes untrusted.,B. The switch port remains administratively down until the interface is connected to another switch.,C. Dynamic ARP inspection is disabled because the ARP ACL is missing.,D. The switch port remains down until it is configured to trust or untrust incoming packets.,,,,,A,Section: Security Fundamentals,,,,,,,,,,,,,,,,,,,,,,,,,,,,,,,,,
21,21. A frame that enters a switch fails the Frame Check Sequence. Which two interface counters are incremented? (Choose two),A. runts,B. giants,C. frame,D. CRC,E. input errors,,,,DE,Section: Network Fundamentals,,,,,,,,,,,,,,,,,,,,,,,,,,,,,,,,,
22,22. How do TCP and UDP differ in the way that they establish a connection between two endpoints?,"A. TCP uses synchronization packets, and UDP uses acknowledgment packets.","B. UDP uses SYN, SYN ACK and FIN bits in the frame header while TCP uses SYN, SYN ACK and ACK bits.",C. UDP provides reliable message transfer and TCP is a connectionless protocol.,D. TCP uses the three-way handshake and UDP does not guarantee message delivery.,,,,,D,Section: Network Fundamentals,,,,,,,,,,,,,,,,,,,,,,,,,,,,,,,,,
23,"23. When OSPF learns multiple paths to a network, how does it select a route?",A. It multiple the active K value by 256 to calculate the route with the lowest metric.,"B. For each existing interface, it adds the metric from the source router to the destination to calculate the route with the lowest bandwidth.",C. It divides a reference bandwidth of 100 Mbps by the actual bandwidth of the existing interface to calculate the router with the lowest cost.,D. It count the number of hops between the source router and the destination to determine the router with the lowest metric.,,,,,C,Section: IP Connectivity,,,,,,,,,,,,,,,,,,,,,,,,,,,,,,,,,
24,24. Refer to the exhibit. Which password must an engineer use to enter the enable mode?,A. adminadmin123,B. default,C. testing1234,D. cisco123,,,,,C,Section: Network Access,,,,,,,,,,,,,,,,,,,,,,,,,,,,,,,,,
25,25. Which configuration is needed to generate an RSA key for SSH on a router?,A. Configure the version of SSH.,B. Configure VTY access.,C. Create a user with a password.,D. Assign a DNS domain name.,,,,,D,Section: Security Fundamentals,,,,,,,,,,,,,,,,,,,,,,,,,,,,,,,,,
26,26. Which output displays a JSON data representation?,A. Option A,B. Option B,C. Option C,D. Option D,,,,,C,Section: Automation and Programmability,,,,,,,,,,,,,,,,,,,,,,,,,,,,,,,,,
27,27. What is the primary different between AAA authentication and authorization?,"A. Authentication verifies a username and password, and authorization handles the communication between the authentication agent and the user database.","B. Authentication identifies a user who is attempting to access a system, and authorization validates the users password.","C. Authentication identifies and verifies a user who is attempting to access a system, and authorization controls the tasks the user can perform.",D. Authentication controls the system processes a user can access and authorization logs the activities the user initiates.,,,,,C,Section: Security Fundamentals,,,,,,,,,,,,,,,,,,,,,,,,,,,,,,,,,
28,28. A Cisco IP phone receive untagged data traffic from an attached PC. Which action is taken by the phone?,A. It allows the traffic to pass through unchanged.,B. It drops the traffic.,C. It tags the traffic with the default VLAN.,D. It tags the traffic with the native VLAN.,,,,,A,Section: Network Access,,,,,,,,,,,,,,,,,,,,,,,,,,,,,,,,,
29,29. An engineer must configure a/30 subnet between two routers. Which usable IP address and subnet mask combination meets this criteria?,A. interface e0/0   description to HQ-A370:98968 ip address 10.2.1.3 255.255.255.252,B. interface e0/0  description to HQ-A370:98968  ip address 192.168.1.1 255.255.255.248,C. interface e0/0  description to HQ-A370:98968  ip address 172.16.1.4 255.255.255.248,D. interface e0/0  description to HQ-A370:98968  ip address 209.165.201.2 255.255.255.252,,,,,D,Section: Network Fundamentals,,,,,,,,,,,,,,,,,,,,,,,,,,,,,,,,,
30,30. What is a benefit of using a Cisco Wireless LAN Controller?,A. Central AP management requires more complex configurations.,B. Unique SSIDs cannot use the same authentication method.,C. It supports autonomous and lightweight APs.,D. It eliminates the need to configure each access point individually.,,,,,D,Section: Network Fundamentals,,,,,,,,,,,,,,,,,,,,,,,,,,,,,,,,,
31,31. What are two characteristics of a controller-based network? (Choose two),A. The administrator can make configuration updates from the CLI.,B. It uses northbound and southbound APIs to communicate between architectural layers.,C. It moves the control plane to a central point.,"D. It decentralizes the control plane, which allows each device to make its own forwarding decisions.",E. It uses Telnet to report system issues.,,,,BC,Section: Automation and Programmability,,,,,,,,,,,,,,,,,,,,,,,,,,,,,,,,,
32,32. Which attribute does a router use to select the best path when two or more different routes to the same destination exist from two different routing protocols?,A. dual algorithm,B. metric,C. administrative distance,D. hop count,,,,,C,Section: IP Connectivity,,,,,,,,,,,,,,,,,,,,,,,,,,,,,,,,,
33,33. Refer to Exhibit. How does SW2 interact with other switches in this VTP domain?,A. It processes VTP updates from any VTP clients on the network on its access ports.,B. It receives updates from all VTP servers and forwards all locally configured VLANs out all trunk ports.,C. It forwards only the VTP advertisements that it receives on its trunk ports.,D. It transmits and processes VTP updates from any VTP Clients on the network on its trunk ports.,,,,,C,Section: Network Access,,,,,,,,,,,,,,,,,,,,,,,,,,,,,,,,,
34,34. Which unified access point mode continues to serve wireless clients after losing connectivity to the Cisco Wireless LAN Controller?,A. sniffer,B. mesh,C. flexconnect,D. local,,,,,C,Section: Network Access,,,,,,,,,,,,,,,,,,,,,,,,,,,,,,,,,
35,35. Which two encoding methods are supported by REST APIs? (Choose two),A. YAML,B. JSON,C. EBCDIC,D. SGML,E. XML,,,,BE,Section: Automation and Programmability,,,,,,,,,,,,,,,,,,,,,,,,,,,,,,,,,
36,36. What are two reasons that cause late collisions to increment on an Ethernet interface? (Choose two),A. when the sending device waits 15 seconds before sending the frame again,B. when the cable length limits are exceeded,C. when one side of the connection is configured for half-duplex,D. when Carriner Sense Multiple Access/Collision Detection is used,E. when a collision occurs after the 32nd byte of a frame has been transmitted,,,,BC,Section: Network Fundamentals,,,,,,,,,,,,,,,,,,,,,,,,,,,,,,,,,
37,"37. Router A learns the same route from two different neighbors, one of the neighbor routers is an OSPF neighbor and the other is an EIGRP neighbor. What is the administrative distance of the route that will be installed in the routing table?",A. 20,B. 90,C. 110,D. 115,,,,,B,Section: IP Connectivity,,,,,,,,,,,,,,,,,,,,,,,,,,,,,,,,,
38,38. What is the primary effect of the spanning-tree portfast command?,A. It enables BPDU messages,B. It minimizes spanning-tree convergence time,C. It immediately puts the port into the forwarding state when the switch is reloaded,D. It immediately enables the port in the listening state,,,,,B,Section: Network Access,,,,,,,,,,,,,,,,,,,,,,,,,,,,,,,,,
39,39. What is the default behavior of a Layer 2 switch when a frame with an unknown destination MAC address is received?,A. The Layer 2 switch drops the received frame.,B. The Layer 2 switch floods packets to all ports except the receiving port in the given VLAN.,C. The Layer 2 switch sends a copy of a packet to CPU for destination MAC address learning.,D. The Layer 2 switch forwards the packet and adds the destination MAC address to its MAC address table.,,,,,B,Section: Network Fundamentals,,,,,,,,,,,,,,,,,,,,,,,,,,,,,,,,,
40,40. Refer to the exhibit. What is the effect of this configuration?,A. All ARP packets are dropped by the switch.,B. Egress traffic is passed only if the destination is a DHCP server.,C. All ingress and egress traffic is dropped because the interface is untrusted.,D. The switch discard all ingress ARP traffic with invalid MAC-to-IP address bindings.,,,,,D,Section: Security Fundamentals,,,,,,,,,,,,,,,,,,,,,,,,,,,,,,,,,
41,41. Refer to the exhibit. An engineer configured NAT translations and has verified that the configuration is correct. Which IP address is the source IP?,A. 10.4.4.4,B. 10.4.4.5,C. 172.23.103.10,D. 172.23.104.4,,,,,D,Section: IP Services,,,,,,,,,,,,,,,,,,,,,,,,,,,,,,,,,
42,42. Refer to the exhibit. Which route does R1 select for traffic that is destined to 192 168.16.2?,A. 192.168.16.0/21,B. 192.168.16.0/24,C. 192.168 26.0/26,D. 192.168.16.0/27,,,,,D,Section: IP Connectivity,,,,,,,,,,,,,,,,,,,,,,,,,,,,,,,,,
43,43. Which IPv6 address block sends packets to a group address rather than a single address?,A. 2000::/3,B. FC00::/7,C. FE80::/10,D. FF00::/8,,,,,D,Section: Network Fundamentals,,,,,,,,,,,,,,,,,,,,,,,,,,,,,,,,,
44,44. Which two values or settings must be entered when configuring a new WLAN in the Cisco Wireless LAN Controller GUI? (Choose two),A. management interface settings,B. QoS settings,C. Ip address of one or more access points,D. SSID,E. Profile name,,,,DE,Section: Network Access,,,,,,,,,,,,,,,,,,,,,,,,,,,,,,,,,
45,45. Which two actions influence the EIGRP route selection process? (Choose two),A. The router calculates the reported distance by multiplying the delay on the exiting Interface by 256.,B. The router calculates the best backup path to the destination route and assigns it as the feasible successor.,C. The router calculates the feasible distance of all paths to the destination route.,D. The advertised distance is calculated by a downstream neighbor to inform the local router of the bandwidth on the link.,E. The router must use the advertised distance as the metric for any given route.,,,,BC,Section: IP Connectivity,,,,,,,,,,,,,,,,,,,,,,,,,,,,,,,,,
46,46. Refer to Exhibit. Which action do the switches take on the trunk link?,A. The trunk does not form and the ports go into an err-disabled status.,B. The trunk forms but the mismatched native VLANs are merged into a single broadcast domain.,"C. The trunk does not form, but VLAN 99 and VLAN 999 are allowed to traverse the link.",D. The trunk forms but VLAN 99 and VLAN 999 are in a shutdown state.,,,,,B,Section: Network Access,,,,,,,,,,,,,,,,,,,,,,,,,,,,,,,,,
47,47. Which command is used to specify the delay time in seconds for LLDP to initialize on any interface?,A. lldp timer,B. lldp holdtimt,C. lldp reinit,D. lldp tlv-select,,,,,,,,,,,,,,,,,,,,,,,,,,,,,,,,,,,,,,,
48,48. An engineer configured an OSPF neighbor as a designated router. Which state verifies the designated router is in the proper mode?,A. Exchange,B. 2-way,C. Full,D. Init,,,,,C,Section: IP Connectivity,,,,,,,,,,,,,,,,,,,,,,,,,,,,,,,,,
49,49. Refer to the exhibit. The show ip ospf interface command has been executed on R1. How is OSPF configured?,A. The interface is not participating in OSPF.,B. A point-to-point network type is configured.,C. The default Hello and Dead timers are in use.,D. There are six OSPF neighbors on this interface.,,,,,C,Section: IP Connectivity,,,,,,,,,,,,,,,,,,,,,,,,,,,,,,,,,
50,50. An engineer is asked to protect unused ports that are configured in the default VLAN on a switch. Which two steps will fulfill the request? (Choose two),A. Configure the ports in an EtherChannel.,B. Administratively shut down the ports.,C. Configure the port type as access and place in VLAN 99.,D. Configure the ports as trunk ports.,E. Enable the Cisco Discovery Protocol.,,,,BC,Section: Security Fundamentals,,,,,,,,,,,,,,,,,,,,,,,,,,,,,,,,,
51,51. Which QoS Profile is selected in the GUI when configuring a voice over WLAN deployment?,A. Bronze,B. Platinum,C. Silver,D. Gold,,,,,B,Section: Network Access,,,,,,,,,,,,,,,,,,,,,,,,,,,,,,,,,
52,52. Refer to the exhibit. An engineer is bringing up a new circuit to the MPLS provider on the Gi0/1 interface of Router1. The new circuit uses eBGP and teams the route to VLAN25 from the BGP path. What is the expected behavior for the traffic flow for route 10.10.13.0/25?,A. Traffic to 10.10.13.0.25 is load balanced out of multiple interfaces,B. Route 10.10.13.0/25 is updated in the routing table as being learned from interface Gi0/1.,C. Traffic to 10.10.13.0/25 is a symmetrical,D. Route 10.10.13.0/25 learned via the Gi0/0 interface remains in the routing table,,,,,D,Section: IP Connectivity,,,,,,,,,,,,,,,,,,,,,,,,,,,,,,,,,
53,53. Which statement identifies the functionality of virtual machines?,A. Virtualized servers run most efficiently when they are physically connected to a switch that is separate from the hypervisor.,"B. The hypervisor can virtualize physical components including CPU, memory, and storage.",C. Each hypervisor can support a single virtual machine and a single software switch.,D. The hypervisor communicates on Layer 3 without the need for additional resources.,,,,,B,Section: Network Fundamentals,,,,,,,,,,,,,,,,,,,,,,,,,,,,,,,,,
54,54. Refer to the exhibit. Which type of route does R1 use to reach host 10.10.13.10/32?,A. floating static route,B. host route,C. default route,D. network route,,,,,D,Section: Network Fundamentals,,,,,,,,,,,,,,,,,,,,,,,,,,,,,,,,,
55,55. Refer to the exhibit. A network engineer must block access for all computers on VLAN 20 to the web server via HTTP. All other computers must be able to access the web server. Which configuration when applied to switch A accomplishes this task?,A. Option A,B. Option B,C. Option C,D. Option D,,,,,B,Section: Security Fundamentals,,,,,,,,,,,,,,,,,,,,,,,,,,,,,,,,,
56,56. Two switches are connected and using Cisco Dynamic Trunking Protocol SW1 is set to Dynamic Desirable. What is the result of this configuration?,A. The link is in a down state.,B. The link is in an error disables state,C. The link is becomes an access port.,D. The link becomes a trunk port.,,,,,D,Section: Network Access,,,,,,,,,,,,,,,,,,,,,,,,,,,,,,,,,
57,57. Which feature on the Cisco Wireless LAN Controller when enabled restricts management access from specific networks?,A. CPU ACL,B. TACACS,C. Flex ACL,D. RADIUS,,,,,A,Section: Security Fundamentals,,,,,,,,,,,,,,,,,,,,,,,,,,,,,,,,,
58,"58. A user configured OSPF in a single area between two routers A serial interface connecting R1 and R2 is running encapsulation PPP, by default, which OSPF network type is seen on this interface when the user types show ip ospf interface on R1 or R2?",A. port-to-multipoint,B. broadcast,C. point-to-point,D. nonbroadcast,,,,,C,Section: IP Connectivity,,,,,,,,,,,,,,,,,,,,,,,,,,,,,,,,,
59,"59. Refer to the exhibit. Based on the LACP neighbor status, in which mode is the SW1 port channel configured?",A. passive,B. mode on,C. auto,D. active,,,,,D,Section: Network Access,,,,,,,,,,,,,,,,,,,,,,,,,,,,,,,,,
60,"60. A user configured OSPF and advertised the Gigabit Ethernet interface in OSPF by default, which type of OSPF network does this interface belong to?",A. point-to-multipoint,B. point-to-point,C. broadcast,D. nonbroadcast,,,,,C,Section: IP Connectivity,,,,,,,,,,,,,,,,,,,,,,,,,,,,,,,,,
61,61. An organization has decided to start using cloud-provided services. Which cloud service allows the organization to install its own operating system on a virtual machine?,A. platform-as-a-service,B. software-as-a-service,C. network-as-a-service,D. infrastructure-as-a-service,,,,,D,Section: Automation and Programmability,,,,,,,,,,,,,,,,,,,,,,,,,,,,,,,,,
62,62. Which mode allows access points to be managed by Cisco Wireless LAN Controllers?,A. autonomous,B. lightweight,C. bridge,D. mobility express,,,,,B,Section: Network Access,,,,,,,,,,,,,,,,,,,,,,,,,,,,,,,,,
63,63. Which command automatically generates an IPv6 address from a specified IPv6 prefix and MAC address of an interface?,A. ipv6 address dhcp,B. ipv6 address 2001:DB8:5:112::/64 eui-64,C. ipv6 address autoconfig,D. ipv6 address 2001:DB8:5:112::2/64 link-local,,,,,C,Section: Network Fundamentals,,,,,,,,,,,,,,,,,,,,,,,,,,,,,,,,,
64,64. Refer to Exhibit. An engineer is configuring the NEW York router to reach the Lo1 interface of the Atlanta router using interface Se0/0/0 as the primary path. Which two commands must be configured on the New York router so that it can reach the Lo1 interface of the Atlanta router via Washington when the link between New York and Atlanta goes down? (Choose two),A. ipv6 router 2000::1/128 2012::1,B. ipv6 router 2000::1/128 2012:1 5,C. ipv6 router 2000::1/128 2012::2,D. ipv6 router 2000::1/128 2023:2 5,E. ipv6 router 2000::1/128 2023::3 5,,,,AE,Section: IP Connectivity,,,,,,,,,,,,,,,,,,,,,,,,,,,,,,,,,
65,65. Refer to the exhibit. Which command provides this output?,A. show ip route,B. show ip interface,C. show interface,D. show cdp neighbor,,,,,D,Section: Network Access,,,,,,,,,,,,,,,,,,,,,,,,,,,,,,,,,
66,66. Which two outcomes are predictable behaviors for HSRP? (Choose two),A. The two routers share a virtual IP address that is used as the default gateway for devices on the LAN.,B. The two routers negotiate one router as the active router and the other as the standby router.,"C. Each router has a different IP address both routers act as the default gateway on the LAN, and traffic is load balanced between them.",D. The two routers synchronize configurations to provide consistent packet forwarding.,"E. The two routed share the same IP address, and default gateway traffic is load-balanced between them.",,,,AB,Section: IP Connectivity,,,,,,,,,,,,,,,,,,,,,,,,,,,,,,,,,
67,67. Which action is taken by a switch port enabled for PoE power classification override?,A. When a powered device begins drawing power from a PoE switch port a syslog message is generated.,B. As power usage on a PoE switch port is checked data flow to the connected device is temporarily paused.,C. If a switch determines that a device is using less than the minimum configured power it assumes the device has failed and disconnects.,"D. If a monitored port exceeds the maximum administrative value for power, the port is shutdown and err disabled.",,,,,D,Section: Network Fundamentals,,,,,,,,,,,,,,,,,,,,,,,,,,,,,,,,,
68,68. Which 802.11 frame type is association response?,A. management,B. protected frame,C. control,D. action,,,,,A,Section: Network Fundamentals,,,,,,,,,,,,,,,,,,,,,,,,,,,,,,,,,
69,69. Which two tasks must be performed to configure NTP to a trusted server in client mode on a single network device? (Choose two),A. Enable NTP authentication.,B. Verify the time zone.,C. Disable NTP broadcasts.,D. Specify the IP address of the NTP server.,E. Set the NTP server private key.,,,,AD,Section: IP Services,,,,,,,,,,,,,,,,,,,,,,,,,,,,,,,,,
70,70. Refer to the exhibit. The New York router is configured with static routes pointing to the Atlanta and Washington sites. Which two tasks must be performed so that the Serial0/0/0 interfaces on the Atlanta and Washington routers can reach one another? (Choose two.),A. Configure the ipv6 route 2012::/126 2023::1 command on the Washington router.,B. Configure the ipv6 route 2023::/126 2012::1 command on the Atlanta router.,C. Configure the Ipv6 route 2012::/126 s0/0/0 command on the Atlanta router.,D. Configure the ipv6 route 2023::/126 2012::2 command on the Atlanta router.,E. Configure the ipv6 route 2012::/126 2023::2 command on the Washington router.,,,,DE,Section: IP Connectivity,,,,,,,,,,,,,,,,,,,,,,,,,,,,,,,,,
71,71. Which result occurs when PortFast is enabled on an interface that is connected to another switch?,A. Spanning tree may fail to detect a switching loop in the network that causes broadcast storms.,B. VTP is allowed to propagate VLAN configuration information from switch to switch automatically.,C. Root port choice and spanning tree recalculation are accelerated when a switch link goes down.,D. After spanning tree converges PortFast shuts down any port that receives BPDUS.,,,,,A,Section: Network Access,,,,,,,,,,,,,,,,,,,,,,,,,,,,,,,,,
72,72. Refer to exhibit. Which statement explains the configuration error message that is received?,A. It is a broadcast IP address.,B. The router does not support/28 mask.,C. It belongs to a private IP address range.,D. It is a network IP address.,,,,,A,Section: Network Fundamentals,,,,,,,,,,,,,,,,,,,,,,,,,,,,,,,,,
73,"73. When a floating static route is configured, which action ensures that the backup route is used when the primary route fails?",A. The floating static route must have a higher administrative distance than the primary route so it is used as a backup.,B. The administrative distance must be higher on the primary route so that the backup route becomes secondary,C. The floating static route must have a lower administrative distance than the primary route so it is used as a backup.,D. The default-information originate command must be configured for the route to be installed into the routing table.,,,,,A,Section: IP Connectivity,,,,,,,,,,,,,,,,,,,,,,,,,,,,,,,,,
74,74. What makes Cisco DNA Center different from traditional network management applications and their management of networks?,A. It only supports auto-discovery of network elements in a greenfield deployment.,B. It modular design allows someone to implement different versions to meet the specific needs of an organization.,C. It abstracts policy from the actual device configuration.,D. It does not support high availability of management functions when operating in cluster mode.,,,,,C,Section: Automation and Programmability,,,,,,,,,,,,,,,,,,,,,,,,,,,,,,,,,
75,75. Which network allows devices to communicate without the need to access the Internet?,A. 172.9.0.0/16,B. 172.28.0.0/16,C. 192.0.0.0/8,D. 209.165.201.0/24,,,,,B,Section: Network Fundamentals,,,,,,,,,,,,,,,,,,,,,,,,,,,,,,,,,
76,76. Refer to the exhibit. What does router R1 use as its OSPF router-ID?,A. 10.10.1.10,B. 10.10.10.20,C. 172.16.15.10,D. 192.168.0.1,,,,,C,Section: IP Connectivity,,,,,,,,,,,,,,,,,,,,,,,,,,,,,,,,,
77,"77. Refer to the exhibit. If OSPF is running on this network, how does Router 2 handle traffic from Site B to 10.10.13.128/25 at Site A?",A. It sends packets out of interface Fa0/2 only.,B. It sends packets out of interface Fa0/1 only.,C. It cannot send packets to 10.10.13.128/25.,D. It load-balances traffic out of Fa0/1 and Fa0/2.,,,,,C,Section: IP Connectivity,,,,,,,,,,,,,,,,,,,,,,,,,,,,,,,,,
78,"78. When a site-to-site VPN is used, which protocol is responsible for the transport of user data?",A. IKEv2,B. IKEv1,C. IPsec,D. MD5,,,,,C,Section: Security Fundamentals,,,,,,,,,,,,,,,,,,,,,,,,,,,,,,,,,
79,79. Refer to the exhibit. An extended ACL has been configured and applied to router R2 The configuration started to work as intended.Which two changes stop outbound traffic on TCP ports 25 and 80 to 10.0.20.0/26 from the 10.0.10.0/26 subnet while still allowing all other traffic? (Choose two),A. Add a ?permit ip any any? statement to the begining of ACL 101 for allowed traffic.,B. Add a ?permit ip any any? statement at the end of ACL 101 for allowed traffic.,C. The source and destination IPs must be swapped in ACL 101.,D. The ACL must be configured the Gi0/2 interface inbound on R1.,E. The ACL must be moved to the Gi0/1 interface outbound on R2.,,,,BC,Section: Security Fundamentals,,,,,,,,,,,,,,,,,,,,,,,,,,,,,,,,,
80,80. Which mode must be used to configure EtherChannel between two switches without using a negotiation protocol?,A. on,B. auto,C. active,D. desirable,,,,,A,Section: Network Access,,,,,,,,,,,,,,,,,,,,,,,,,,,,,,,,,
81,81. A router running EIGRP has learned the same route from two different paths. Which parameter does the router use to select the best path?,A. cost,B. adminstrative distance,C. metric,D. as-path,,,,,C,Section: IP Connectivity,,,,,,,,,,,,,,,,,,,,,,,,,,,,,,,,,
82,"82. R1 has learned route 192.168.12.0/24 via IS-IS. OSPF, RIP. and Internal EIGRP Under normal operating conditions, which routing protocol is installed in the routing table?",A. IS-IS,B. RIP,C. Internal EIGRP,D. OSPF,,,,,C,Section: IP Connectivity,,,,,,,,,,,,,,,,,,,,,,,,,,,,,,,,,
83,83. Which MAC address is recognized as a VRRP virtual address?,A. 0000.5E00.010a,B. 0005.3711.0975,C. 0000.0C07.AC99,D. 0007.C070/AB01,,,,,A,Section: IP Connectivity,,,,,,,,,,,,,,,,,,,,,,,,,,,,,,,,,
84,84. Which statement correctly compares traditional networks and controller-based networks?,A. Only traditional networks offer a centralized control plane.,B. Only traditional networks natively support centralized management.,C. Traditional and controller-based networks abstract policies from device configurations.,D. Only controller-based networks decouple the control plane and the data plane.,,,,,D,Section: Automation and Programmability,,,,,,,,,,,,,,,,,,,,,,,,,,,,,,,,,
85,"85. If a notice-level messaging is sent to a syslog server, which event has occurred?",A. A network device has restarted.,B. An ARP inspection has failed.,C. A routing instance has flapped.,D. A debug operation is running.,,,,,C,Section: IP Services,,,,,,,,,,,,,,,,,,,,,,,,,,,,,,,,,
86,86. Refer to the exhibit. With which metric was the route to host 172.16.0.202 learned?,A. 0,B. 110,C. 38443,D. 3184439,,,,,C,Section: IP Connectivity,,,,,,,,,,,,,,,,,,,,,,,,,,,,,,,,,
87,"87. Refer to the exhibit. If configuring a static default route on the router with the ip route 0.0.0.0 0.0.0.0 10.13.0.1 120 command, how does the router respond?",A. It ignores the new static route until the existing OSPF default route is removed.,B. It immediately replaces the existing OSPF route in the routing table with the newly configured static route.,C. It starts load-balancing traffic between the two default routes.,D. It starts sending traffic without a specific matching entry in the routing table to GigabitEthernet0/1.,,,,,A,Section: IP Connectivity,,,,,,,,,,,,,,,,,,,,,,,,,,,,,,,,,
88,88. Refer to the Exhibit. After the switch configuration the ping test fails between PC A and PC B Based on the output for switch 1. Which error must be corrected?,A. There is a native VLAN mismatch.,B. Access mode is configured on the switch ports.,C. The PCs are in the incorrect VLAN.,D. All VLANs are not enabled on the trunk.,,,,,A,Section: Network Access,,,,,,,,,,,,,,,,,,,,,,,,,,,,,,,,,
89,89. An engineer must configure a WLAN using the strongest encryption type for WPA2-PSK. Which cipher fulfills the configuration requirement?,A. WEP,B. RC4,C. AES,D. TKIP,,,,,C,Section: Security Fundamentals,,,,,,,,,,,,,,,,,,,,,,,,,,,,,,,,,
90,90. Which statement about Link Aggregation when implemented on a Cisco Wireless LAN Controller is true?,A. To pass client traffic two or more ports must be configured.,B. The EtherChannel must be configured in ?mode active?.,"C. When enabled, the WLC bandwidth drops to 500 Mbps.",D. One functional physical port is needed to pass client traffic.,,,,,D,Section: Network Access,,,,,,,,,,,,,,,,,,,,,,,,,,,,,,,,,
91,"91. When configuring a WLAN with WPA2 PSK in the Cisco Wireless LAN Controller GUI, which two formats are available to select? (Choose two)",A. ASCII,B. base64,C. binary,D. decimal,E. hexadecimal,,,,AE,Section: Security Fundamentals,,,,,,,,,,,,,,,,,,,,,,,,,,,,,,,,,
92,92. Which API is used in controller-based architectures to interact with edge devices?,A. overlay,B. northbound,C. underlay,D. southbound,,,,,D,Section: Automation and Programmability,,,,,,,,,,,,,,,,,,,,,,,,,,,,,,,,,
93,93. Refer to the exhibit. A network administrator is configuring an EtherChannel between SW1 and SW2. The SW1 configuration is shown. What is the correct configuration for SW2?,,,,,,,,,,,,,,,,,,,,,,,,,,,,,,,,,,,,,,,,,,,
94,94. Refer to the exhibit. A frame on VLAN 1 on switch S1 is sent to switch S2 where the frame is received on VLAN 2. What causes this behavior?,A. trunk mode mismatches,B. allowing only VLAN 2 on the destination,C. native VLAN mismatches,D. VLANs that do not correspond to a unique IP subnet,,,,,C,,,,,,,,,,,,,,,,,,,,,,,,,,,,,,,,,,
95,95. What are two enhancements that OSPFv3 supports over OSPFV2? (Choose two.),A. It requires the use of ARP.,B. It can support multiple IPv6 subnets on a single link.,C. It supports up to 2 instances of OSPFv3 over a common link.,D. It routes over links rather than over networks.,,,,,BD,,,,,,,,,,,,,,,,,,,,,,,,,,,,,,,,,,
96,96. Which option is a valid IPv6 address?,A. 2001:0000:130F::099a::12a,B. 2002:7654:A1AD:61:81AF:CCC1,C. FEC0:ABCD:WXYZ:0067::2A4,D. 2004:1:25A4:886F::1,,,,,D,,,,,,,,,,,,,,,,,,,,,,,,,,,,,,,,,,
97,97. Which three are characteristics of an IPv6 anycast address? (Choose three.),A. one-to-many communication model,B. one-to-nearest communication model,C. any-to-many communication model,D. a unique IPv6 address for each device in the group,E. the same address for multiple devices in the group,F. delivery of packets to the group interface that is closest to the sending device,,,BEF,,,,,,,,,,,,,,,,,,,,,,,,,,,,,,,,,,
98,98. Which two statements describe characteristics of IPv6 unicast addressing? (Choose two.),A. Global addresses start with 2000::/3.,B. Link-local addresses start with FE00:/12.,C. Link-local addresses start with FF00::/10.,D. There is only one loopback address and it is ::1.,"E. If a global address is assigned to an interface, then that is the only allowable address for the interface.",,,,AD,,,,,,,,,,,,,,,,,,,,,,,,,,,,,,,,,,
99,99. What is the alternative notation for the IPv6 address B514:82C3:0000:0000:0029:EC7A:0000:EC72?,A. B514 : 82C3 : 0029 : EC7A : EC72,B. B514 : 82C3 :: 0029 : EC7A : EC72,C. B514 : 82C3 : 0029 :: EC7A : 0000 : EC72,D. B514 : 82C3 :: 0029 : EC7A : 0 : EC72,,,,,D,,,,,,,,,,,,,,,,,,,,,,,,,,,,,,,,,,
100,100. Which IPv6 address is valid?,A. 2001:0db8:0000:130F:0000:0000:08GC:140B,B. 2001:0db8:0:130H::87C:140B,C. 2031::130F::9C0:876A:130B,D. 2031:0:130F::9C0:876A:130B,,,,,D,,,,,,,,,,,,,,,,,,,,,,,,,,,,,,,,,,
101,101. Which two are features of IPv6? (Choose two.),A. anycast,B. broadcast,C. multicast,D. podcast,E. allcast,,,,AC,,,,,,,,,,,,,,,,,,,,,,,,,,,,,,,,,,
102,102. Which command enables IPv6 forwarding on a Cisco router?,A. ipv6 local,B. ipv6 host,C. ipv6 unicast-routing,D. ipv6 neighbor,,,,,C,,,,,,,,,,,,,,,,,,,,,,,,,,,,,,,,,,
103,103. Which IPv6 address is the equivalent of the IPv4 interface loopback address 127.0.0.1?,A. : :1,B. ::,C. 2000::/3,D. 0::/10,,,,,A,,,,,,,,,,,,,,,,,,,,,,,,,,,,,,,,,,
104,104. In which two formats can the IPv6 address fd15:0db8:0000:0000:0700:0003:400F:572B be written? (Choose two.),A. fd15:0db8:0000:0000:700:3:400F:527B,B. fd15::db8::700:3:400F:527B,C. fd15:db8:0::700:3:4F:527B,D. fd15:0db8::7:3:4F:527B,E. fd15:db8::700:3:400F:572B,,,,AE,,,,,,,,,,,,,,,,,,,,,,,,,,,,,,,,,,
105,105. Refer to the exhibit. The MAC address table is shown in its entirety. The Ethernet frame that is shown arrives at the switch. What two operations will the switch perform when it receives this frame? (Choose two.),A. The switch will not forward a frame with this destination MAC address.,B. The frame will be forwarded out of all the ports on the switch.,C. The MAC address of ffff.ffff.ffff will be added to the MAC address table.,D. The frame will be forwarded out of all the active switch ports except for port fa0/0.,E. The MAC address of 0000.00aa.aaaa will be added to the MAC Address Table.,F. The frame will be forwarded out of fa0/0 and fa0/1 only.,,,DE,,,,,,,,,,,,,,,,,,,,,,,,,,,,,,,,,,
106,106. Refer to the exhibit. Which switch in this configuration becomes the root bridge?,A. SW1,B. SW2,C. SW3,D. SW4,,,,,C,,,,,,,,,,,,,,,,,,,,,,,,,,,,,,,,,,
107,107. Refer to the exhibit. Which two statements are true about the loopback address that is configured on RouterB? (Choose two.),A. It ensures that data will be forwarded by RouterB.,B. It provides stability for the OSPF process on RouterB.,C. It specifies that the router ID for RouterB should be 10.0.0.1.,D. It decreases the metric for routes that are advertised from RouterB.,E. It indicates that RouterB should be elected the DR for the LAN.,,,,BC,,,,,,,,,,,,,,,,,,,,,,,,,,,,,,,,,,
108,108. Refer to the exhibit. Which two statements about the interface that generated the output are true? (Choose two.),A. Two secure MAC address are manually configured on the interface.,B. A syslog message is generated when the maximum number of secure MAC addresses is on the interface.,C. The interface is error-disabled.,D. The interface dynamically learned two secure MAC addresses.,E. An SNMP trap is generated when the maximum number of secure MAC addresses is reached on the interface.,,,,CD,,,,,,,,,,,,,,,,,,,,,,,,,,,,,,,,,,
109,109. Refer to the exhibit. Which two statements about the interface that generated the output are true? (Choose two.),A. learned MAC addresses are deleted after five minutes of inactivity,B. the interface is error-diabled if packets arrive from a new unknown source address,C. it has dynamically learned two secure MAC addresses,D. it has dynamically learned three secure MAC addresses,E. the security violation counter increments if packets arrive from a new unknown source address,,,,AC,,,,,,,,,,,,,,,,,,,,,,,,,,,,,,,,,,
110,"110. Refer to the exhibit. Which two events occur on the interface, if packets from an unknown Source address arrive after the interface learns the maximum number of secure MAC address? (Choose two.)",A. The security violation counter dose not increment,B. The port LED turns off,C. The interface is error-disabled,D. A syslog message is generated,E. The interface drops traffic from unknown MAC address,,,,AE,,,,,,,,,,,,,,,,,,,,,,,,,,,,,,,,,,
111,111. Refer to the exhibit. Which two statements about the network environment of router R1 must be true? (Choose two.),A. there are 20 different network masks within the 10.0.0.0/8 network,B. A static default route to 10.85.33.14 was defined,C. Ten routes are equally load-balanced between Te0/1/0.100 and Te0/2/0.100,D. The 10.0.0.0/8 network was learned via external EIGRP,E. The EIGRP administrative distance was manually changed from 90 to 170,,,,?,,,,,,,,,,,,,,,,,,,,,,,,,,,,,,,,,,
112,112. Refer to the exhibit. Which statement about the interface that generated the output is true?,A. Five secure MAC addresses are dynamically learned on the interface.,B. A syslog message is generated when a violation occurs.,C. One secure MAC address is manually configured on the interface.,D. One secure MAC address is dynamically configured on the interface.,,,,,?,,,,,,,,,,,,,,,,,,,,,,,,,,,,,,,,,,
113,"113. Refer to the exhibit. When PC 1 sends a packet to PC2,the packet has. Which source and destination IP address when it arrives at interface Gi0/0 on router R2?",A. source 192.168.10.10 and destination 10.10.2.2,B. source 192.168.20.10 and destination 192.168.20.1,C. source 192.168.10.10 and destination 192.168.20.10,D. source 10.10.1.1 and destination 10.10.2.2,,,,,?,,,,,,,,,,,,,,,,,,,,,,,,,,,,,,,,,,
114,"114. Refer to the exhibit Users in your office are complaining that they cannot connect to the severs at a remote site. When troubleshooting, you find that you can successfully reach the severs from router R2. What is the most likely reason that the other users are experiencing connection failure?",A. interface ports are shut down on the remote servers,B. The DHCP address pool has been exhausted,C. The ip helper-address command is missing on the R2 interface that connects to the switch,D. VLSM is misconfigured between the router interface and the DHCP pool.,,,,,?,,,,,,,,,,,,,,,,,,,,,,,,,,,,,,,,,,
115,"115. After you deploy a new WLAN controller on your network, which two additional tasks should you consider? (Choose two)",A. deploy load balancers,B. configure additional vlans,C. configure multiple VRRP groups,D. deploy POE switches,E. configure additional security policies,,,,?,,,,,,,,,,,,,,,,,,,,,,,,,,,,,,,,,,
116,"116. Refer to the exhibit. The default-information originate command is configured under the R1 OSPF configuration. After testing, workstations on VLAN 20 at Site B cannot reach a DNS server on the Internet.",A. Add the default-information originate command on R2.,B. Add the always keyword to the default-information originate command on R1.,C. Configure the ip route 0.0.0.0 0.0.0.0 10.10.10.18 command on R1.,D. Configure the ip route 0.0.0.0 0.0.0.0 10.10.10.2 command on R2.,,,,,?,,,,,,,,,,,,,,,,,,,,,,,,,,,,,,,,,,
117,117. Which of the following is the JSON encoding of a dictionary or hash?,A. {?key?:?value?},"B. [?key?,?value?]","C. {?key?,?value?}",D. (?key?:?value?),,,,,A,,,,,,,,,,,,,,,,,,,,,,,,,,,,,,,,,,
118,118. Which option best describes an API?,A. A contract that describes how various components communicate and exchange data with each other.,B. an architectural style (versus a protocol) for designing applications,C. a stateless client-server model,D. request a certain type of data by specifying the URL path that models the data,,,,,A,,,,,,,,,,,,,,,,,,,,,,,,,,,,,,,,,,
119,119. Which command verifies whether any IPv6 ACLs are configured on a router?,A. show ipv6 interface,B. show access-list,C. show ipv6 access-list,D. show ipv6 route,,,,,C,,,,,,,,,,,,,,,,,,,,,,,,,,,,,,,,,,
120,120. Which command can you enter to allow Telnet to be supported in addition to SSH?,A. transport input telnet ssh,B. transport input telnet,C. no transport input telnet,D. privilege level 15,,,,,A,,,,,,,,,,,,,,,,,,,,,,,,,,,,,,,,,,
121,"121. AAA stands for authentication, authorization, and accounting",,,,,,,,,B,,,,,,,,,,,,,,,,,,,,,,,,,,,,,,,,,,
122,122. What will happen if you configure the logging trap debug command on a router?,A. It causes the router to send messages with lower severity levels to the syslog server.,"B. It causes the router to send all messages with the severity levels Warning, Error, Critical, and Emergency to the syslog server.",C. It causes the router to send all messages to the syslog server,D. It causes the router to stop sending all messages to the syslog server.,,,,,C,,,,,,,,,,,,,,,,,,,,,,,,,,,,,,,,,,
123,123. Which Cisco IOS command will indicate that interface Gigabit Ethernet 0/0 is configured via DHCP?,A. show ip interface GigabitEthernet 0/0 dhcp,B. show interface GigabitEthernet 0/0,C. show ip interface dhcp,D. show ip interface GigabitEthernet 0/0,E. show ip interface GigabitEthernet 0/0 brief,,,,D,,,,,,,,,,,,,,,,,,,,,,,,,,,,,,,,,,
124,124. Which statement about the nature of NAT overload is true?,A. applies a one-to-many relationship to internal IP addresses,B. applies a one-to-one relationship to internal IP addresses,C. applies a many-to-many relationship to internal IP addresses,D. can be configured only on Gigabit interface,,,,,A,,,,,,,,,,,,,,,,,,,,,,,,,,,,,,,,,,
125,125. Which command is used to configure an IPv6 static default route?,A. ipv6 route ::/0 interface next-hop5,B. ipv6 route default interface next-hop,C. ipv6 route 0.0.0.0/0 interface next-hop,D. ip route 0.0.0.0/0 interface next-hop,,,,,A,,,,,,,,,,,,,,,,,,,,,,,,,,,,,,,,,,
126,126. Which statement about static and dynamic routes is true?,"A. Dynamic routes are manually configured by a network administrator, while static routes are automatically learned and adjusted by a routing protocol.","B. Static routes are manually configured by a network administrator, while dynamic routes are automatically learned and adjusted by a routing protocol.","C. Static routes tell the router how to forward packets to networks that are not directly connected, while dynamic routes tell the router how to forward packets to networks that are directly connected.","D. Dynamic routes tell the router how to forward packets to networks that are not directly connected, while static routes tell the router how to forward packets to networks that are directly connected.",,,,,B,,,,,,,,,,,,,,,,,,,,,,,,,,,,,,,,,,
127,127. What is the purpose of the show ip ospf interface command?,A. displaying OSPF-related interface information,B. displaying general information about OSPF routing processes,C. displaying OSPF neighbor information on a per-interface basis,D. displaying OSPF neighbor information on a per-interface-type basis,,,,,A,,,,,,,,,,,,,,,,,,,,,,,,,,,,,,,,,,
128,128. How can the Cisco Discovery Protocol be used?,A. to allow a switch to discover the devices that are connected to its ports,B. to determine the hardware platform of the device,C. to determine the IP addresses of connected Cisco devices,D. all of the above,,,,,D,,,,,,,,,,,,,,,,,,,,,,,,,,,,,,,,,,
129,129. How does STP prevent forwarding loops at OSI Layer 2?,A. TTL,B. MAC address forwarding,C. Collision avoidance,D. Port blocking,,,,,D,,,,,,,,,,,,,,,,,,,,,,,,,,,,,,,,,,
130,130. Which two statements about EtherChannel technology are true? (Choose two.),A. EtherChannel provides increased bandwidth by bundling existing FastEthernet or Gigabit Ethernet interfaces into a single EtherChannel.,B. STP does not block EtherChannel links.,"C. You can configure multiple EtherChannel links between two switches, using up to a limit of sixteen physical ports.",D. EtherChannel does not allow load sharing of traffic among the physical links within the EtherChannel.,E. EtherChannel allows redundancy in case one or more links in the EtherChannel fail.,,,,AE,,,,,,,,,,,,,,,,,,,,,,,,,,,,,,,,,,
131,131. Which three statements about MAC addresses are correct? (Choose three.),"A. To communicate with other devices on a network, a network device must have a unique MAC address.",B. The MAC address is also referred to as the IP address.,C. The MAC address of a device must be configured in the Cisco IOS CLI by a user with administrative privileges.,"D. A MAC address contains two main components, the first of which identifies the manufacturer of the hardware and the second of which uniquely identifies the hardware.",E. An example of a MAC address is 0A:26:B8:D6:65:90.,,,,ADE,,,,,,,,,,,,,,,,,,,,,,,,,,,,,,,,,,
132,132. Which three statements about network characteristics are true? (Choose three.),A. Speed is a measure of the data rate in bits per second of a given link in the network.,B. Scalability indicates how many nodes are currently on the network.,"C. The logical topology is the arrangement of cables, network devices, and end systems.",D. Availability is a measure of the probability that the network will be available for use when it is required.,E. Reliability indicates the dependability of the components that make up the network.,,,,ADE,,,,,,,,,,,,,,,,,,,,,,,,,,,,,,,,,,
133,133. Which two statements about the purpose of the OSI model are accurate? (Choose two.),A. Defines the network functions that occur at each layer,B. Facilitates an understanding of how information travels throughout a network,C. Changes in one layer do not impact other layer,D. Ensures reliable data delivery through its layered approach,,,,,AB,,,,,,,,,,,,,,,,,,,,,,,,,,,,,,,,,,
134,134. You have two paths for the 10.10.10.0 network ? one that has a feasible distance of 3072 and the other of 6144. What do you need to do to load balance your EIGRP routes?,A. Change the maximum paths to 2,B. Change the configuration so they both have the same feasible distance,C. Change the variance for the path that has a feasible distance of 3072 to 2,D. Change the IP addresses so both paths have the same source IP address,,,,,BC,,,,,,,,,,,,,,,,,,,,,,,,,,,,,,,,,,
135,135. Which of the following dynamic routing protocols are Distance Vector routing protocols?,A. IS-IS,B. EIGRP,C. OSPF,D. BGP,E. RIP,,,,BE,,,,,,,,,,,,,,,,,,,,,,,,,,,,,,,,,,
136,"136. Refer to the exhibit. If R1 receives a packet destined to 172.16.1.1, to which IP address does it send the packet? ",A. 192.168.14.4,B. 192.168.12.2,C. 192.168.13.3,D. 192.168.15.5,,,,,A,,,,,,,,,,,,,,,,,,,,,,,,,,,,,,,,,,
137,137. Which two VLAN IDs indicate a default VLAN? (Choose two.),A. 0,B. 1,C. 1005,D. 1006,E. 4096,,,,BC,,,,,,,,,,,,,,,,,,,,,,,,,,,,,,,,,,
138,"138. Refer to the exhibit. If RTR01 is configured as shown, which three addresses will be received by other routers that are running EIGRP on the network? (Choose three)",A. 192.168.2.0,B. 10.4.3.0,C. 10.0.0.0,D. 172.16.0.0,E. 172.16.4.0,,,,ACD,,,,,,,,,,,,,,,,,,,,,,,,,,,,,,,,,,
139,139. Which two options are the best reasons to use an IPV4 private IP space?(choose two),A. to enable intra-enterprise communication,B. to implement NAT,C. to connect applications,D. to conserve global address space,E. to manage routing overhead,,,,AD,,,,,,,,,,,,,,,,,,,,,,,,,,,,,,,,,,
140,140. Which technique can you use to route IPv6 traffic over an IPv4 infrastructure?,A. NAT,B. 6to4 tunneling,C. L2TPv3,D. dual-stack,,,,,B,,,,,,,,,,,,,,,,,,,,,,,,,,,,,,,,,,
141,141. Which three describe the reasons large OSPF networks use a hierarchical design? (Choose Three),A. to speed up convergence,B. to reduce routing overhead,C. to lower costs by replacing routers with distribution layer switches.,D. to decrease latency by increasing bandwidth.,E. to confine network instability to single areas of the network.,,,,ABE,,,,,,,,,,,,,,,,,,,,,,,,,,,,,,,,,,
142,142. Which statements describe the routing protocol OSPF? (Choose three.),A. It supports VLSM.,B. It is used to route between autonomous systems.,C. It confines network instability to one area of the network.,D. It increases routing overhead on the network.,E. It allows extensive control of routing updates.,,,,ACE,,,,,,,,,,,,,,,,,,,,,,,,,,,,,,,,,,
143,143. Which command should you enter to view the error log in an EIGRP for IPv6 environment?,A. show ipv6 eigrp neighbors,B. show ipv6 eigrp topology,C. show ipv6 eigrp traffic,D. show ipv6 eigrp events,,,,,D,,,,,,,,,,,,,,,,,,,,,,,,,,,,,,,,,,
144,144. Which component of an Ethernet frame is used to notify a host that traffic is coming?,A. start of frame delimiter,B. Type field,C. preamble,D. Data field,,,,,C,,,,,,,,,,,,,,,,,,,,,,,,,,,,,,,,,,
145,145. Which command must you enter to guarantee that an HSRP router with higher priority becomes the HSRP primary router after it is reloaded?,A. standby 10 preempt,B. standby 10 version 1,C. standby 10 priority 150,D. standby 10 version 2,,,,,A,,,,,,,,,,,,,,,,,,,,,,,,,,,,,,,,,,
146,146. Which configuration command can u apply to a HSRP router so that its local interface becomes active if all other routers in the group fail?,A. no additional config is required,B. standby 1 track ethernet,C. standby 1 preempt,D. standby 1 priority 250,,,,,A,,,,,,,,,,,,,,,,,,,,,,,,,,,,,,,,,,
147,147. You are configuring your edge routers interface with a public IP address for Internet connectivity.,A. ip default-gateway,B. ip route,C. ip default-network,D. ip address dhcp,E. ip address dynamic,,,,D,,,,,,,,,,,,,,,,,,,,,,,,,,,,,,,,,,
148,148. Which type does a port become when it receives the best BPDU on a bridge?,A. The designated port,B. The backup port,C. The alternate port,D. The root port,,,,,D,,,,,,,,,,,,,,,,,,,,,,,,,,,,,,,,,,
149,149. Which two command sequences must you configure on a switch to establish a Layer 3 EtherChannel with an open-standard protocol? (Choose two.),A. interface GigabitEthernet0/0/1channel-group 10 mode on,B. interface GigabitEthernet0/0/1 channel-group 10 mode active,C. interface GigabitEthernet0/0/1 channel-group 10 mode auto,D. interface port-channel 10 switchport switchport mode trunk,E. interface port-channel 10 no switchport ip address 172.16.0.1.255.255.255.0,,,,BE,,,,,,,,,,,,,,,,,,,,,,,,,,,,,,,,,,
150,150. Which statement about VLAN configuration is true?,A. The switch must be in VTP server or transparent mode before you can configure a VLAN,B. The switch must be in config-vlan mode before you configure an extended VLAN,C. Dynamic inter-VLAN routing is supported on VLAN2 through VLAN 4064,D. A switch in VTP transparent mode save the VLAN databases to the running configuration only,,,,,A,,,,,,,,,,,,,,,,,,,,,,,,,,,,,,,,,,
151,"151. Refer to the exhibit. After you apply the given configuration to arouter, the DHCP clients behind the device connot communicate with hosts outside of their subnet. Which action is most likely to correct the problem?",A. Configure the dns server on the same subnet as the clients,B. Activate the dhcp pool,C. Correct the subnet mask,D. configure the default gateway,,,,,D,,,,,,,,,,,,,,,,,,,,,,,,,,,,,,,,,,
152,152. Refer to the exhibit. How will the router handle a packet destined for 192.0.2.156?,A. The router will forward the packet via either Serial0 or Serial1.,B. The router will return the packet to its source.,C. The router will forward the packet via Serial2.,D. The router will drop the packet.,,,,,C,,,,,,,,,,,,,,,,,,,,,,,,,,,,,,,,,,
153,153. Which unified access point mode continues to serve wireless clients after losing connectivity to the Cisco Wireless LAN Controller?,A. sniffer,B. mesh,C. flexconnect,D. local,,,,,C,,,,,,,,,,,,,,,,,,,,,,,,,,,,,,,,,,
154,154. Refer to exhibit. What Administrative distance has route to 192.168.10.1 ?,A. 1,B. 90,C. 110,D. 120,,,,,B,,,,,,,,,,,,,,,,,,,,,,,,,,,,,,,,,,
155,155. Refer to the exhibit. Which command would you use to configure a static route on Router1 to network 192.168.202.0/24 with a nondefault administrative distance?,A. router1(config)#ip route 192.168.202.0 255.255.255.0 192.168.201.2 1,B. router1(config)#ip route 192.168.202.0 255.255.255.0 192.168.201.2 5,C. router1(config)#ip route 1 192.168.201.1 255.255.255.0 192.168.201.2,D. router1(config)#ip route 5 192.168.202.0 255.255.255.0 192.168.201.2,,,,,B,,,,,,,,,,,,,,,,,,,,,,,,,,,,,,,,,,
156,156. Which feature or protocol is required for an IP SLA to measure UDP jitter?,A. LLDP,B. EEM,C. CDP,D. NTP,,,,,D,,,,,,,,,,,,,,,,,,,,,,,,,,,,,,,,,,
157,157. Which effete does the aaa new-model configuration command have?,A. It enables AAA services on the device,B. It configures the device to connect to a RADIUS server for AAA,C. It associates a RADIUS server to an group.,D. It configures a local user on the device.,,,,,A,,,,,,,,,,,,,,,,,,,,,,,,,,,,,,,,,,
158,158. Refer to the exhibit. How will switch SW2 handle traffic from VLAN 10 on SW1?,A. It sends the traffic to VLAN 10.,B. It sends the traffic to VLAN 100.,C. It drops the traffic.,D. It sends the traffic to VLAN 1.,,,,,B,,,,,,,,,,,,,,,,,,,,,,,,,,,,,,,,,,
159,159. Which two commands can you use to configure an actively negotiate EtherChannel? (Choose two),A. channel-group 10 mode on,B. channel-group 10 mode auto,C. channel-group 10 mode passive,D. channel-group 10 mode desirable,E. channel-group 10 mode active,,,,DE,,,,,,,,,,,,,,,,,,,,,,,,,,,,,,,,,,
160,160. What is the binary pattern of unique ipv6 unique local address?,A. 00000000,B. 11111100,C. 11111111,D. 11111101,,,,,B,,,,,,,,,,,,,,,,,,,,,,,,,,,,,,,,,,
161,161. Which two statements about exterior routing protocols are true? (Choose two.),A. They determine the optimal within an autonomous system.,B. They determine the optimal path between autonomous systems.,C. BGP is the current standard exterior routing protocol.,D. Most modern networking supports both EGP and BGP for external routing.,E. Most modern network routers support both EGP and EIGRP for external routing.,,,,BC,,,,,,,,,,,,,,,,,,,,,,,,,,,,,,,,,,
162,162. What is the destination MAC address of a broadcast frame?,A. 00:00:0c:07:ac:01,B. ff:ff:ff:ff:ff:ff,C. 43:2e:08:00:00:0c,D. 00:00:0c:43:2e:08,E. 00:00:0c:ff:ff:ff,,,,B,,,,,,,,,,,,,,,,,,,,,,,,,,,,,,,,,,
163,"163. You have configured a router with an OSPF router ID, but its IP address still reflects the physical interface. Which action can you take to correct the problem in the least disruptive way?",A. Reload the OSPF process.,B. Specify a loopback address,C. Reboot the router.,D. Save the router configuration,,,,,A,,,,,,,,,,,,,,,,,,,,,,,,,,,,,,,,,,
164,164. Which two statements about VTP are true? (Choose two.),A. All switches must be configured with the same VTP domain name,B. All switches must be configured to perform trunk negotiation.,C. All switches must be configured with a unique VTP domain name,D. The VTP server must have the highest revision number in the domain,E. All switches must use the same VTP version.,,,,AE,,,,,,,,,,,,,,,,,,,,,,,,,,,,,,,,,,
165,165. Which two pieces of information about a Cisco device can Cisco Discovery Protocol communicate? (Choose two.),A. the native VLAN,B. the trunking protocol,C. the VTP domain,D. the spanning-tree priority,E. the spanning tree protocol,,,,AC,,,,,,,,,,,,,,,,,,,,,,,,,,,,,,,,,,
166,166. Refer to the exhibit. On R1 which routing protocol is in use on the route to 192.168.10.1?,A. RIP,B. OSPF,C. IGRP,D. EIGRP,,,,,DE,,,,,,,,,,,,,,,,,,,,,,,,,,,,,,,,,,
167,167. Refer to the exhibit. Which VLAN ID is associated with the default VLAN in the given environment?,A. VLAN 1,B. VLAN 5,C. VLAN 10,D. VLAN 20,,,,,A,,,,,,,,,,,,,,,,,,,,,,,,,,,,,,,,,,
168,168. Which two circumstances can prevent two routers from establishing an OSPF neighbor adjacency? (Choose two.),A. mismatched autonomous system numbers,B. an ACL blocking traffic from multicast address 224.0.0.10,C. mismatched process IDs,D. mismatched hello timers and dead timers,E. use of the same router ID on both devices,,,,DE,,,,,,,,,,,,,,,,,,,,,,,,,,,,,,,,,,
169,169. Which two statements about eBGP neighbor relationships are true? (Choose two),A. The two devices must reside in different autonomous systems,B. Neighbors must be specifically declared in the configuration of each device,C. They can be created dynamically after the network statement is configured.,D. The two devices must reside in the same autonomous system,E. The two devices must have matching timer settings,,,,AB,,,,,,,,,,,,,,,,,,,,,,,,,,,,,,,,,,
170,170. Which two pieces of information can you determine from the output of the show ntp status command? (Choose two),A. whether the NTP peer is statically configured,B. the IP address of the peer to which the clock is synchronized,C. the configured NTP servers,D. whether the clock is synchronized,E. the NTP version number of the peer,,,,BD,,,,,,,,,,,,,,,,,,,,,,,,,,,,,,,,,,
171,171. Which keyword in a NAT configuration enables the use of one outside IP address for multiple inside hosts?,A. source,B. static,C. pool,D. overload,,,,,D,,,,,,,,,,,,,,,,,,,,,,,,,,,,,,,,,,
172,172. Which two pieces of information can you learn by viewing the routing table? (Choose two),A. whether an ACL was applied inbound or outbound to an interface,B. the EIGRP or BGP autonomous system,C. whether the administrative distance was manually or dynamically configured,D. Which neighbor adjacencies are established,E. the length of time that a route has been known,,,,CE,,,,,,,,,,,,,,,,,,,,,,,,,,,,,,,,,,
173,173. Which NAT term is defined as a group of addresses available for NAT use?,A. NAT pool,B. dynamic NAT,C. static NAT,D. one-way NAT,,,,,A,,,,,,,,,,,,,,,,,,,,,,,,,,,,,,,,,,
174,174. Which command is used to enable LLDP globally on a Cisco IOS ISR?,A. lldp run,B. lldp enable,C. lldp transmit,D. cdp run,E. cdp enable,,,,A,,,,,,,,,,,,,,,,,,,,,,,,,,,,,,,,,,
175,175. Refer to the exhibit. After you apply the give configurations to R1 and R2 you notice that OSPFv3 fails to start. Which reason for the problem is most likely true ?,A. The area numbers on R1 and R2 are mismatched,B. The IPv6 network addresses on R1 and R2 are mismatched,C. The autonomous system numbers on R1 and R2 are mismatched,D. The router ids on R1 and R2 are mismatched,,,,,A,,,,,,,,,,,,,,,,,,,,,,,,,,,,,,,,,,
176,176. Which command must be entered when a device is configured as an NTP server?,A. ntp sever,B. ntp peer,C. ntp authenticate,D. ntp master,,,,,D,,,,,,,,,,,,,,,,,,,,,,,,,,,,,,,,,,
177,177. Which feature or protocol determines whether the QOS on the network is sufficient to support IP services?,A. LLDP,B. CDP,C. IP SLA,D. EEM,,,,,C,,,,,,,,,,,,,,,,,,,,,,,,,,,,,,,,,,
178,178. Refer to the exhibit. Which feature is enabled by this configuration?,A. static NAT translation,B. a DHCP pool,C. a dynamic NAT address pool,D. PAT,,,,,C,,,,,,,,,,,,,,,,,,,,,,,,,,,,,,,,,,
179,"179. In a CDP environment, what happens when the CDP interface on an adjacent device is configured without an IP address?",A. CDP becomes inoperable on that neighbor,B. CDP uses the IP address of another interface for that neighbor,"C. CDP operates normally,but it cannot provide IP address information for that neighbor","D. CDP operates normally,but it cannot provide any information for that neighbor",,,,,C,,,,,,,,,,,,,,,,,,,,,,,,,,,,,,,,,,
180,180. Which two statements about NTP operations are true? (Choose two.),A. NTP uses UDP over IP.,B. Cisco routers can act as both NTP authoritative servers and NTP clients.,C. Cisco routers can act only as NTP servers.,D. Cisco routers can act only as NTP clients.,E. NTP uses TCP over IP.,,,,AB,,,,,,,,,,,,,,,,,,,,,,,,,,,,,,,,,,
181,181. Which command should you enter to configure an LLDP delay time of 5 seconds?,A. lldp timer 5000,B. lldp holdtime 5,C. lldp reinit 5000,D. lldp reinit 5,,,,,D,,,,,,,,,,,,,,,,,,,,,,,,,,,,,,,,,,
182,182. Which value is used to determine the active router in an HSRP default configuration?,A. Router loopback address,B. Router IP address,C. Router priority,D. Router tracking number,,,,,BD,,,,,,,,,,,,,,,,,,,,,,,,,,,,,,,,,,
183,183. Which statement about Cisco Discovery Protocol is true?,A. It is a Cisco-proprietary protocol.,B. It runs on the network layer.,"C. It can discover information from routers, firewalls, and switches.",D. It runs on the physical layer and the data link layer.,,,,,A,,,,,,,,,,,,,,,,,,,,,,,,,,,,,,,,,,
184,184. Which value can you modify to configure a specific interface as the preferred forwarding interface?,A. The interface number,B. The port priority,C. The VLAN priority,D. The hello time,,,,,B,,,,,,,,,,,,,,,,,,,,,,,,,,,,,,,,,,
185,"185. When configuring an EtherChannel bundle, which mode enables LACP only if a LACP device is detected?",A. Passive,B. Desirable,C. On,D. Auto,E. Active,,,,A,,,,,,,,,,,,,,,,,,,,,,,,,,,,,,,,,,
186,186. Which command should you enter to verify the priority of a router in an HSRP group?,A. show hsrp,B. show sessions,C. show interfaces,D. show standby,,,,,D,,,,,,,,,,,,,,,,,,,,,,,,,,,,,,,,,,
187,187. Refer to the exhibit. Which Command do you enter so that R1 advertises the loopback0 interface to the BGP Peers?,A. Network 172.16.1.32 mask 255.255.255.224,B. Network 172.16.1.0 0.0.0.255,C. Network 172.16.1.32 255.255.255.224,D. Network 172.16.1.33 mask 255.255.255.224,E. Network 172.16.1.32 mask 0.0.0.31,,,,A,,,,,,,,,,,,,,,,,,,,,,,,,,,,,,,,,,
188,188. For what two purposes does the Ethernet protocol use physical addresses?,A. to uniquely identify devices at Layer 2,B. to allow communication with devices on a different network,C. to differentiate a Layer 2 frame from a Layer 3 packet,D. to establish a priority system to determine which device gets to transmit first,E. to allow communication between different devices on the same network,,,,AE,,,,,,,,,,,,,,,,,,,,,,,,,,,,,,,,,,
189,189. Which command is used to display the collection of OSPF link states?,A. show ip ospf link-state,B. show ip ospf lsa database,C. show ip ospf neighbors,D. show ip ospf database,,,,,D,,,,,,,,,,,,,,,,,,,,,,,,,,,,,,,,,,
190,190. Refer to the exhibit. C-router is to be used as a ?router-on-a-stick? to route between the VLANs. All the interfaces have been properly configured and IP routing is operational. The hosts in the VLANs have been configured with the appropriate default gateway. What is true about this configuration?,,,,,,,,,?,,,,,,,,,,,,,,,,,,,,,,,,,,,,,,,,,,
191,191. A user configured OSPF in a single area between two routers A serial interface connecting R1 and R2 is running encapsulation PPP. By default which OSPF network type is seen on this interface when the user types show ip ospf interface on R1 or R2?,A. port-to-multipoint,B. broadcast,C. point-to-point,D. non-broadcast,,,,,C,,,,,,,,,,,,,,,,,,,,,,,,,,,,,,,,,,
192,192. Refer to the exhibit. Which address and mask combination represents a summary of the routes learned by EIGRP?,A. 192.168.25.0 255.255.255.240,B. 192.168.25.0 255.255.255.252,C. 192.168.25.16 255.255.255.240,D. 192.168.25.16 255.255.255.252,E. 192.168.25.28 255.255.255.240,,,,C,,,,,,,,,,,,,,,,,,,,,,,,,,,,,,,,,,
193,193. Refer to the exhibit. A network associate has configured OSPF with the command:,A. FastEthernet0 /0,B. FastEthernet0 /1,C. Serial0/0,D. Serial0/1.102,E. Serial0/1.103,,,,?,,,,,,,,,,,,,,,,,,,,,,,,,,,,,,,,,,
194,"194. A network administrator is troubleshooting the OSPF configuration of routers R1 and R2. The routers cannot establish an adjacency relationship on their common Ethernet link. The graphic shows the output of the show ip ospf interface e0 command for routers R1 and R2. Based on the information in the graphic, what is the cause of this problem?",A. The OSPF area is not configured properly.,B. The OSPF area is not configured properly.,C. The cost on R1 should be set higher.,D. The hello and dead timers are not configured properly.,E. A backup designated router needs to be added to the network.,,,,D,,,,,,,,,,,,,,,,,,,,,,,,,,,,,,,,,,
195,195. Refer to the graphic. R1 is unable to establish an OSPF neighbor relationship with R3. What are possible reasons for this problem? (Choose two.),A. All of the routers need to be configured for backbone Area 1.,"B. R1 and R2 are the DR and BDR, so OSPF will not establish neighbor adjacency with R3.",C. A static route has been configured from R1 to R3 and prevents the neighbor adjacency from being established.,D. The hello and dead interval timers are not set to the same values on R1 and R3.,E. EIGRP is also configured on these routers with a lower administrative distance.,,,,DF,,,,,,,,,,,,,,,,,,,,,,,,,,,,,,,,,,
196,"196. Refer to the exhibit. Given the output for this command, if the router ID has not been manually set, what router ID will OSPF use for this router?",A. 10.1.1.2,B. 10.154.154.1,C. 172.16.5.1,D. 192.168.5.3,,,,,AC,,,,,,,,,,,,,,,,,,,,,,,,,,,,,,,,,,
197,"197. Refer to the exhibit. When running EIGRP, what is required for RouterA to exchange routing updates with RouterC?",A. AS numbers must be changed to match on all the routers,B. Loopback interfaces must be configured so a DR is elected,C. The no auto-summary command is needed on Router A and Router C,"D. Router B needs to have two network statements, one for each connected network",,,,,A,,,,,,,,,,,,,,,,,,,,,,,,,,,,,,,,,,
198,198. Refer to the exhibit. Which rule does the DHCP server use when there is an IP address conflict?,A. The address is removed from the pool until the conflict is resolved.,B. The address remains in the pool until the conflict is resolved.,C. Only the IP detected by Gratuitous ARP is removed from the pool.,D. Only the IP detected by Ping is removed from the pool.,"E. The IP will be shown, even after the conflict is resolved.",,,,A,,,,,,,,,,,,,,,,,,,,,,,,,,,,,,,,,,
199,"199. Refer to the exhibit. A network technician is asked to design a small network with redundancy. The exhibit represents this design, with all hosts configured in the same VLAN. What conclusions can be made about this design?",A. This design will function as intended.,B. Spanning-tree will need to be used.,C. The router will not accept the addressing scheme.,D. The connection between switches should be a trunk.,E. The router interfaces must be encapsulated with the 802.1Q protocol.,,,,C,,,,,,,,,,,,,,,,,,,,,,,,,,,,,,,,,,
200,200. What benefit does controller-based networking provide versus traditional networking?,A. moves from a two-tier to a three-tier network architecture to provide maximum redundancy,B. provides an added layer of security to protect from DDoS attacks,C. allows configuration and monitoring of the network from one centralized point,D. combines control and data plane functionality on a single device to minimize latency,,,,,C,,,,,,,,,,,,,,,,,,,,,,,,,,,,,,,,,,
201,201. A network engineer must create a diagram of a multivendor network. Which command must be configured on the Cisco devices so that the topology of the network can be mapped?,A. Device(Config)#lldp run,B. Device(Config)#cdp run,C. Device(Config-if)#cdp enable,D. Device(Config)#flow-sampler-map topology,,,,,A,,,,,,,,,,,,,,,,,,,,,,,,,,,,,,,,,,
202,202. What are two descriptions of three-tier network topologies? (Choose two),A. The core and distribution layers perform the same functions,B. The access layer manages routing between devices in different domains,C. The network core is designed to maintain continuous connectivity when devices fail.,D. The core layer maintains wired connections for each host,E. The distribution layer runs Layer 2 and Layer 3 technologies,,,,CE,,,,,,,,,,,,,,,,,,,,,,,,,,,,,,,,,,
203,203. What is the expected outcome when an EUI-64 address is generated?,A. The seventh bit of the original MAC address of the interface is inverted,B. The interface ID is configured as a random 64-bit value,C. The characters FE80 are inserted at the beginning of the MAC address of the interface,D. The MAC address of the interface is used as the interface ID without modification,,,,,A,,,,,,,,,,,,,,,,,,,,,,,,,,,,,,,,,,
204,204. Which function does an SNMP agent perform?,A. it sends information about MIB variables in response to requests from the NMS,B. it coordinates user authentication between a network device and a TACACS+ or RADIUS server,C. it requests information from remote network nodes about catastrophic system events.,D. it manages routing between Layer 3 devices in a network,,,,,A,,,,,,,,,,,,,,,,,,,,,,,,,,,,,,,,,,
205,205. R1 has learned route 10.10.10.0/24 via numerous routing protocols. Which route is installed?,A. route with the lowest cost,B. route with the next hop that has the highest IP,C. route with the shortest prefix length,D. route with the lowest administrative distance,,,,,D,,,,,,,,,,,,,,,,,,,,,,,,,,,,,,,,,,
206,206. What is a characteristic of spine-and-leaf architecture?,A. Each device is separated by the same number of hops,B. It provides variable latency,C. It provides greater predictability on STP blocked ports.,D. Each link between leaf switches allows for higher bandwidth.,,,,,A,,,,,,,,,,,,,,,,,,,,,,,,,,,,,,,,,,
207,207. Which action must be taken to assign a global unicast IPv6 address on an interface that is derived from the MAC address of that interface?,A. configure a stateful DHCPv6 server on the network,B. enable SLAAC on an interface,C. disable the EUI-64 bit process,D. explicitly assign a link-local address,,,,,B,,,,,,,,,,,,,,,,,,,,,,,,,,,,,,,,,,
208,208. Refer to the exhibit. Router R1 is running three different routing protocols. Which route characteristic is used by the router to forward the packet that it receives for destination IP 172.16.32.1?,A. longest prefix,B. metric,C. cost,D. administrative distance,,,,,A,,,,,,,,,,,,,,,,,,,,,,,,,,,,,,,,,,
209,209. Router R1 must send all traffic without a matching routing-table entry to 192.168.1.1. Which configuration accomplishes this task?,A. R1# config t R1(config)# ip routing R1(config)# ip route default-route 192.168.1.1,B. R1# config t R1(config)# ip routing R1(config)# ip route 192.168.1.1 0.0.0.0 0.0.0.0,C. R1# config t R1(config)# ip routing R1(config)# ip route 0.0.0.0 0.0.0.0 192.168.1.1,D. R1# config t R1(config)# ip routing R1(config)# ip default-gateway 192.168.1.1,,,,,C,,,,,,,,,,,,,,,,,,,,,,,,,,,,,,,,,,
210,210. Which WPA3 enhancement protects against hackers viewing traffic on the Wi-Fi network?,A. TKiP encryption,B. AES encryption,C. scrambled encryption key,D. SAE encryption,,,,,D,,,,,,,,,,,,,,,,,,,,,,,,,,,,,,,,,,
211,211. Refer to the exhibit. An engineer is bringing up a new circuit to the MPLS provider on the Gi0/1 interface of Router1.The new circuit uses eBGP and teams the route to VLAN25 from the BGP path. What is the expected behavior for the traffic flow for route 10.10.13.0/25?,A. Traffic to 10.10.13.0.25 is load balanced out of multiple interfaces,B. Route 10.10.13.0/25 is updated in the routing table as being learned from interface Gi0/1.,C. Traffic to 10.10.13.0/25 is asymmeteical,D. Route 10.10.13.0/25 learned via the GiO/0 interface remains in the routing table,,,,,B,,,,,,,,,,,,,,,,,,,,,,,,,,,,,,,,,,
212,212. Refer to the exhibit. How does router R1 handle traffic to 192.168.10.16?,A. It selects the IS-IS route because it has the shortest prefix inclusive of the destination address.,B. It selects the EIGRP route because it has the lowest administrative distance.,C. It selects the OSPF route because it has the lowest cost.,D. It selects the RIP route because it has the longest prefix inclusive of the destination address.,,,,,D,,,,,,,,,,,,,,,,,,,,,,,,,,,,,,,,,,
213,213. Refer to the exhibit.,A. Option A,B. Option B,C. Option C,D. Option D,E. Option E,,,,AC,,,,,,,,,,,,,,,,,,,,,,,,,,,,,,,,,,
214,214. What is a difference between RADIUS and TACACS+?,"A. RADIUS is most appropriate for dial authentication, but TACACS+ can be used for multiple types of authentication",B. TACACS+ encrypts only password information and RADIUS encrypts the entire payload,"C. TACACS+ separates authentication and authorization, and RADIUS merges them","D. RADIUS logs all commands that are entered by the administrator, but TACACS+ logs only start, stop, and interim commands",,,,,C,,,,,,,,,,,,,,,,,,,,,,,,,,,,,,,,,,
215,215. Refer to the exhibit. How does the router manage traffic to 192.168.12.16?,A. It selects the RIP route because it has the longest prefix inclusive of the destination address.,B. It chooses the OSPF route because it has the longest prefix inclusive of the destination address.,C. It load-balances traffic between all three routes,D. It chooses the EIGRP route because it has the lowest administrative distance,,,,,A,,,,,,,,,,,,,,,,,,,,,,,,,,,,,,,,,,
216,216. What is an advantage of Cisco DNA Center versus traditional campus device management?,A. It supports numerous extensibility options including cross-domain adapters and third-party SDKs.,B. It supports high availability for management functions when operating in cluster mode.,C. It enables easy autodiscovery of network elements m a brownfield deployment.,D. It is designed primarily to provide network assurance.,,,,,A,,,,,,,,,,,,,,,,,,,,,,,,,,,,,,,,,,
217,"217. While examining excessive traffic on the network, it is noted that all incoming packets on an interface appear to be allowed even though an IPv4 ACL is applied to the interface. Which two misconfigurations cause this behavior? (Choose two)",A. The packets fail to match any permit statement,B. A matching permit statement is too high in the access test,C. A matching permit statement is too broadly defined,D. The ACL is empty,,,,,BC,,,,,,,,,,,,,,,,,,,,,,,,,,,,,,,,,,
218,218. How do traditional campus device management and Cisco DNA Center device management differ in regards to deployment?,A. Cisco DNA Center device management can deploy a network more quickly than traditional campus device management,B. Traditional campus device management allows a network to scale more quickly than with Cisco DNA Center device management,C. Cisco DNA Center device management can be implemented at a lower cost than most traditional campus device management options,D. Traditional campus device management schemes can typically deploy patches and updates more quickly than Cisco DNA Center device management,,,,,A,,,,,,,,,,,,,,,,,,,,,,,,,,,,,,,,,,
219,"219. How do AAA operations compare regarding user identification, user services and access control?",A. Authorization provides access control and authentication tracks user services,B. Authentication identifies users and accounting tracks user services,"C. Accounting tracks user services, and authentication provides access control",D. Authorization identifies users and authentication provides access control,,,,,B,,,,,,,,,,,,,,,,,,,,,,,,,,,,,,,,,,
220,220. What is a difference between local AP mode and FlexConnect AP mode?,A. Local AP mode creates two CAPWAP tunnels per AP to the WLC,B. FiexConnect AP mode fails to function if me AP loses connectivity with the WLC,C. FlexConnect AP mode bridges the traffic from the AP to the WLC when local switching is configured,D. Local AP mode causes the AP to behave as if it were an autonomous AP,,,,,A,,,,,,,,,,,,,,,,,,,,,,,,,,,,,,,,,,
221,221. Which function does the range of private IPv4 addresses perform?,A. allows multiple companies to each use the same addresses without conflicts,B. provides a direct connection for hosts from outside of the enterprise network,C. ensures that NAT is not required to reach the internet with private range addressing,D. enables secure communications to the internet for all external hosts,,,,,A,,,,,,,,,,,,,,,,,,,,,,,,,,,,,,,,,,
222,222. What event has occurred if a router sends a notice level message to a syslog server?,A. A TCP connection has been torn down,B. An ICMP connection has been built,C. An interface line has changed status,D. A certificate has expired.,,,,,C,,,,,,,,,,,,,,,,,,,,,,,,,,,,,,,,,,
223,223. Refer to the exhibit. An administrator configures four switches for local authentication using passwords that are stored in a cryptographic hash. The four switches must also support SSH access for administrators to manage the network infrastructure. Which switch is configured correctly to meet these requirements?,A. SW1,B. SW2,C. SW3,D. SW4,,,,,C,,,,,,,,,,,,,,,,,,,,,,,,,,,,,,,,,,
224,224. What are two fundamentals of virtualization? (choose two),A. The environment must be configured with one hypervisor that serves solely as a network manager to monitor SNMP traffic,B. It allows logical network devices to move traffic between virtual machines and the rest of the physical network,C. It allows multiple operating systems and applications to run independently on one physical server.,D. It allows a physical router to directly connect NICs from each virtual machine into the network,"E. It requires that some servers, virtual machines and network gear reside on the Internet",,,,BC,,,,,,,,,,,,,,,,,,,,,,,,,,,,,,,,,,
225,225. Refer to the exhibit. What two conclusions should be made about this configuration? (Choose two ),A. The designated port is FastEthernet 2/1,B. This is a root bridge,C. The spanning-tree mode is Rapid PVST+,D. The spanning-tree mode is PVST+,E. The root port is FastEthernet 2/1,,,,CE,,,,,,,,,,,,,,,,,,,,,,,,,,,,,,,,,,
226,226. Refer to the exhibit. A router reserved these five routes from different routing information sources. Which two routes does the router install in its routing table? (Choose two),A. RIP route 10.0.0.0/30,B. iBGP route 10.0.0.0/30,C. OSPF route 10.0.0.0/30,D. EIGRP route 10.0.0.1/32,E. OSPF route 10.0.0.0/16,,,,CD,,,,,,,,,,,,,,,,,,,,,,,,,,,,,,,,,,
227,227. Refer to the exhibit. The network administrator wants VLAN 67 traffic to be untagged between Switch 1 and Switch 2 while all other VLANs are to remain tagged. Which command accomplishes this task?,A. switchport access vlan 67,B. switchport trunk allowed vlan 67,C. switchport private-vlan association host 67,D. switchport trunk native vlan 67,,,,,D,,,,,,,,,,,,,,,,,,,,,,,,,,,,,,,,,,
228,228. What are two differences between optical-fiber cabling and copper cabling? (Choose two),A. Light is transmitted through the core of the fiber,B. A BNC connector is used for fiber connections,C. The glass core component is encased in a cladding,D. Fiber connects to physical interfaces using Rj-45 connections,E. The data can pass through the cladding,,,,AC,,,,,,,,,,,,,,,,,,,,,,,,,,,,,,,,,,
229,229. Which two minimum parameters must be configured on an active interface to enable OSPFv2 to operate? (Choose two),A. OSPF area,B. OSPF MD5 authentication key,C. iPv6 address,D. OSPf process ID,E. OSPf stub flag,,,,BC,,,,,,,,,,,,,,,,,,,,,,,,,,,,,,,,,,
230,"230. Refer to the exhibit. Refer to the exhibit. After the configuration is applied, the two routers fail to establish an OSPF neighbor relationship. what is the reason for the problem?",A. The OSPF router IDs are mismatched.,B. Router2 is using the default hello timer.,C. The network statement on Router1 is misconfigured.,D. The OSPF process IDs are mismatched.,,,,,C,,,,,,,,,,,,,,,,,,,,,,,,,,,,,,,,,,
231,231. How do TCP and UDP differ in the way they provide reliability for delivery of packets?,"A. TCP is a connectionless protocol that does not provide reliable delivery of data, UDP is a connection-oriented protocol that uses sequencing to provide reliable delivery.",B. TCP does not guarantee delivery or error checking to ensure that there is no corruption of data UDP provides message acknowledgement and retransmits data if lost.,"C. TCP provides flow control to avoid overwhelming a receiver by sending too many packets at once, UDP sends packets to the receiver in a continuous stream without checking for sequencing",D. TCP uses windowing to deliver packets reliably; UDP provides reliable message transfer between hosts by establishing a three-way handshake,,,,,C,,,,,,,,,,,,,,,,,,,,,,,,,,,,,,,,,,
232,232. A packet is destined for 10.10.1.22. Which static route does the router choose to forward the packet?,A. ip route 10.10.1.0 255.255.255.240 10.10.255.1,B. ip route 10.10.1.16 255.255.255.252 10.10.255.1,C. ip route 10.10.1.20 255.255.255.252 10.10.255.1,D. ip route 10.10.1.20 255.255.255.254 10.10.255.1,,,,,C,,,,,,,,,,,,,,,,,,,,,,,,,,,,,,,,,,
233,233. Refer to the exhibit. Router R1 Fa0/0 cannot ping router R3 Fa0/1. Which action must be taken in router R1 to help resolve the configuration issue?,A. set the default network as 20.20.20.0/24,B. set the default gateway as 20.20.20.2,C. configure a static route with Fa0/1 as the egress interface to reach the 20.20.20.0/24 network,D. configure a static route with 10.10.10.2 as the next hop to reach the 20.20.20.0/24 network,,,,,D,,,,,,,,,,,,,,,,,,,,,,,,,,,,,,,,,,
234,234. Refer to the exhibit. Refer to the exhibit. An engineer must add a subnet for a new office that will add 20 users to the network. Which IPv4 network and subnet mask combination does the engineer assign to minimize wasting addresses?,A. 10.10.225.48 255.255.255.240,B. 10.10.225.32 255.255.255.240,C. 10.10.225.48 255.255.255.224,D. 10.10.225.32 255.255.255.224,,,,,D,,,,,,,,,,,,,,,,,,,,,,,,,,,,,,,,,,
235,235. A corporate office uses four floors in a building,Floor 1 has 24 users,Floor 2 has 29 users,* Floor 3 has 28 users,* Floor 4 has 22 users,,,,,D,,,,,,,,,,,,,,,,,,,,,,,,,,,,,,,,,,
236,"236. By default, how Does EIGRP determine the metric of a route for the routing table?",A. 192.168.0.0/26 as summary and 192.168.0.0/29 for each floor,B. 192.168.0.0/24 as summary and 192.168.0.0/28 for each floor,C. 192.168.0.0/23 as summary and 192.168.0.0/25 for each floor,D. 192.168.0.0/25 as summary and 192.168.0.0/27 for each floor,,,,,A,,,,,,,,,,,,,,,,,,,,,,,,,,,,,,,,,,
237,237. Refer to the exhibit. Which configuration issue is preventing the OSPF neighbor relationship from being established between the two routers?,A. R2 is using the passive-interface default command,B. R1 has an incorrect network command for interface Gi1/0,C. R2 should have its network command in area 1,D. R1 interface Gi1/0 has a larger MTU size,,,,,D,,,,,,,,,,,,,,,,,,,,,,,,,,,,,,,,,,
238,238. What are two roles of the Dynamic Host Configuration Protocol (DHCP)? (Choose two),A. The DHCP server offers the ability to exclude specific IP addresses from a pool of IP addresses,B. The DHCP client can request up to four DNS server addresses,C. The DHCP server assigns IP addresses without requiring the client to renew them,D. The DHCP server leases client IP addresses dynamically.,E. The DHCP client maintains a pool of IP addresses it can assign.,,,,AD,,,,,,,,,,,,,,,,,,,,,,,,,,,,,,,,,,
239,239. How does CAPWAP communicate between an access point in local mode and a WLC?,A. The access point must directly connect to the WLC using a copper cable,"B. The access point must not be connected to the wired network, as it would create a loop",C. The access point must be connected to the same switch as the WLC,"D. The access point has the ability to link to any switch in the network, assuming connectivity to the WLC",,,,,D,,,,,,,,,,,,,,,,,,,,,,,,,,,,,,,,,,
240,240. Refer to the exhibit. Which action is expected from SW1 when the untagged frame is received on the GigabitEthernet0/1 interface?,A. The frame is processed in VLAN 5.,B. The frame is processed in VLAN 11,C. The frame is processed in VLAN 1,D. The frame is dropped,,,,,A,,,,,,,,,,,,,,,,,,,,,,,,,,,,,,,,,,
241,241. What are two reasons for an engineer to configure a floating state route? (Choose two),A. to automatically route traffic on a secondary path when the primary path goes down,B. to route traffic differently based on the source IP of the packet,C. to enable fallback static routing when the dynamic routing protocol fails,D. to support load balancing via static routing,E. to control the return path of traffic that is sent from the router,,,,AC,,,,,,,,,,,,,,,,,,,,,,,,,,,,,,,,,,
242,242. Refer to the exhibit. Which route type is configured to reach the internet?,A. floating static route,B. host route,C. default route,D. network route,,,,,C,,,,,,,,,,,,,,,,,,,,,,,,,,,,,,,,,,
243,243. How does Cisco DNA Center gather data from the network?,"A. Network devices use different services like SNMP, syslog, and streaming telemetry to send data to the controller",B. Devices establish an iPsec tunnel to exchange data with the controller,C. Devices use the call-home protocol to periodically send data to the controller.,D. The Cisco CU Analyzer tool gathers data from each licensed network device and streams it to the controller.,,,,,A,,,,,,,,,,,,,,,,,,,,,,,,,,,,,,,,,,
244,244. What is the difference regarding reliability and communication type between TCP and UDP?,A. TCP is reliable and is a connection-oriented protocol; UDP is not reliable and is a connectionless protocol,B. TCP is not reliable and is a connection-oriented protocol; UDP is reliable and is a connectionless protocol,C. TCP is not reliable and is a connectionless protocol; UDP is reliable and is a connection-oriented protocol,D. TCP is reliable and is a connectionless protocol; UDP is not reliable and is a connection-oriented protocol,,,,,A,,,,,,,,,,,,,,,,,,,,,,,,,,,,,,,,,,
245,245. Several new coverage cells are required to improve the Wi-Fi network of an organization. Which two standard designs are recommended? (Choose two.),A. 5GHz provides increased network capacity with up to 23 nonoverlapping channels.,B. 5GHz channel selection requires an autonomous access point.,C. Cells that overlap one another are configured to use nonoverlapping channels.,D. Adjacent cells with overlapping channels use a repeater access point.,"E. For maximum throughput, the WLC is configured to dynamically set adjacent access points to the channel.",,,,CE,,,,,,,,,,,,,,,,,,,,,,,,,,,,,,,,,,
246,246. The service password-encryption command is entered on a router. What is the effect of this configuration?,A. restricts unauthorized users from viewing clear-text passwords in the running configuration,B. prevents network administrators from configuring clear-text passwords,C. protects the VLAN database from unauthorized PC connections on the switch,D. encrypts the password exchange when a VPN tunnel is established,,,,,A,,,,,,,,,,,,,,,,,,,,,,,,,,,,,,,,,,
247,247. Which type of ipv6 address is publicly routable in the same way as ipv4 public addresses?,A. multicast,B. unique local,C. link-local,D. global unicast,,,,,D,,,,,,,,,,,,,,,,,,,,,,,,,,,,,,,,,,
248,248. Which two statements are true about the command ip route 172.16.3.0 255.255.255.0 192.168.2.4? (Choose two.),A. It establishes a static route to the 172.16.3.0 network.,B. It establishes a static route to the 192.168.2.0 network.,C. It configures the router to send any traffic for an unknown destination to the 172.16.3.0 network.,D. It configures the router to send any traffic for an unknown destination out the interface with the address 192.168.2.4.,E. It uses the default administrative distance.,,,,AE,,,,,,,,,,,,,,,,,,,,,,,,,,,,,,,,,,
249,249. Which three statements are typical characteristics of VLAN arrangements? (Choose three.),A. A new switch has no VLANs configured.,B. Connectivity between VLANs requires a Layer 3 device.,C. VLANs typically decrease the number of collision domains.,D. Each VLAN uses a separate address space.,E. A switch maintains a separate bridging table for each VLAN.,,,,BDE,,,,,,,,,,,,,,,,,,,,,,,,,,,,,,,,,,
250,250. Refer to the exhibit. To which device does Router1 send packets that are destined to host 10.10.13.165?,A. Router2,B. Router3,C. Router4,D. Router5,,,,,B,,,,,,,,,,,,,,,,,,,,,,,,,,,,,,,,,,
